[
  {
    "type": "constraint",
    "data": {
      "id": 4,
      "name": "contract_title",
      "type": "UNIQUENESS",
      "entityType": "NODE",
      "labelsOrTypes": [
        "SecuritiesContract"
      ],
      "properties": [
        "title"
      ],
      "ownedIndex": "contract_title",
      "propertyType": null
    }
  },
  {
    "type": "constraint",
    "data": {
      "id": 6,
      "name": "party_name",
      "type": "UNIQUENESS",
      "entityType": "NODE",
      "labelsOrTypes": [
        "Party"
      ],
      "properties": [
        "name"
      ],
      "ownedIndex": "party_name",
      "propertyType": null
    }
  },
  {
    "type": "index",
    "data": {
      "id": 7,
      "name": "contract_date",
      "state": "ONLINE",
      "populationPercent": 100.0,
      "type": "RANGE",
      "entityType": "NODE",
      "labelsOrTypes": [
        "SecuritiesContract"
      ],
      "properties": [
        "execution_date"
      ],
      "indexProvider": "range-1.0",
      "owningConstraint": null,
      "lastRead": null,
      "readCount": 0
    }
  },
  {
    "type": "index",
    "data": {
      "id": 3,
      "name": "contract_title",
      "state": "ONLINE",
      "populationPercent": 100.0,
      "type": "RANGE",
      "entityType": "NODE",
      "labelsOrTypes": [
        "SecuritiesContract"
      ],
      "properties": [
        "title"
      ],
      "indexProvider": "range-1.0",
      "owningConstraint": "contract_title",
      "lastRead": "2025-06-27T15:32:23.169000000+00:00",
      "readCount": 656
    }
  },
  {
    "type": "index",
    "data": {
      "id": 8,
      "name": "contract_type",
      "state": "ONLINE",
      "populationPercent": 100.0,
      "type": "RANGE",
      "entityType": "NODE",
      "labelsOrTypes": [
        "SecuritiesContract"
      ],
      "properties": [
        "contract_type"
      ],
      "indexProvider": "range-1.0",
      "owningConstraint": null,
      "lastRead": null,
      "readCount": 0
    }
  },
  {
    "type": "index",
    "data": {
      "id": 1,
      "name": "index_343aff4e",
      "state": "ONLINE",
      "populationPercent": 100.0,
      "type": "LOOKUP",
      "entityType": "NODE",
      "labelsOrTypes": null,
      "properties": null,
      "indexProvider": "token-lookup-1.0",
      "owningConstraint": null,
      "lastRead": "2025-06-27T15:34:38.527000000+00:00",
      "readCount": 40750328
    }
  },
  {
    "type": "index",
    "data": {
      "id": 2,
      "name": "index_f7700477",
      "state": "ONLINE",
      "populationPercent": 100.0,
      "type": "LOOKUP",
      "entityType": "RELATIONSHIP",
      "labelsOrTypes": null,
      "properties": null,
      "indexProvider": "token-lookup-1.0",
      "owningConstraint": null,
      "lastRead": null,
      "readCount": 0
    }
  },
  {
    "type": "index",
    "data": {
      "id": 11,
      "name": "offering_amount",
      "state": "ONLINE",
      "populationPercent": 100.0,
      "type": "RANGE",
      "entityType": "NODE",
      "labelsOrTypes": [
        "SecuritiesContract"
      ],
      "properties": [
        "total_offering_amount"
      ],
      "indexProvider": "range-1.0",
      "owningConstraint": null,
      "lastRead": null,
      "readCount": 0
    }
  },
  {
    "type": "index",
    "data": {
      "id": 5,
      "name": "party_name",
      "state": "ONLINE",
      "populationPercent": 100.0,
      "type": "RANGE",
      "entityType": "NODE",
      "labelsOrTypes": [
        "Party"
      ],
      "properties": [
        "name"
      ],
      "indexProvider": "range-1.0",
      "owningConstraint": "party_name",
      "lastRead": "2025-06-27T15:32:23.175000000+00:00",
      "readCount": 879
    }
  },
  {
    "type": "index",
    "data": {
      "id": 9,
      "name": "party_role",
      "state": "ONLINE",
      "populationPercent": 100.0,
      "type": "RANGE",
      "entityType": "NODE",
      "labelsOrTypes": [
        "Party"
      ],
      "properties": [
        "role"
      ],
      "indexProvider": "range-1.0",
      "owningConstraint": null,
      "lastRead": null,
      "readCount": 0
    }
  },
  {
    "type": "index",
    "data": {
      "id": 10,
      "name": "security_type",
      "state": "ONLINE",
      "populationPercent": 100.0,
      "type": "RANGE",
      "entityType": "NODE",
      "labelsOrTypes": [
        "Security"
      ],
      "properties": [
        "security_type"
      ],
      "indexProvider": "range-1.0",
      "owningConstraint": null,
      "lastRead": null,
      "readCount": 0
    }
  }
]